지점,지점명,일시,평균기온(°C),최저기온(°C),최저기온 나타난날(yyyymmdd),최고기온(°C),최고기온 나타난날(yyyymmdd),평균최저기온(°C),평균최고기온(°C),평균 해면기압(hPa),합계 강수량(mm),일 최다 강수량(mm),평균 상대습도(%),합계 일조시간(hr),평균 풍속(m/s),최다 풍향(16방위)
90,속초,2015,12.6,-10.4,20150209,35.4,20150731,8.8,16.6,1015.7,1127.7,114.5,67.5,2413.6,2.1,290
90,속초,2016,12.8,-16.4,20160124,35.9,20160813,9,16.8,1015.5,1333.8,206.4,68.4,2205.3,1.9,290
90,속초,2017,13.1,-11.2,20170123,34.9,20170721,8.9,17.4,1015.1,1208.2,89.4,61.6,2497.9,1.8,290
90,속초,2018,12.6,-16.2,20180125,38.7,20180805,8.5,16.9,1015.8,1777,226.2,61.7,2421.1,1.9,290
90,속초,2019,13.8,-9,20190116,36.1,20190723,9.6,18,1015.2,1355.5,203.7,60.6,2543.1,1.9,270
93,북춘천,2016,,-12.1,20161216,29,20161003,,,,208.4,49,,475,,230
93,북춘천,2017,11.3,-19,20171213,37.5,20170805,5.3,18.1,1016.6,1133.4,146.5,66.3,2503.1,1.3,230
93,북춘천,2018,11.2,-21.7,20180127,40.6,20180801,5.3,17.9,1017,1261.9,189.5,65.6,2542,1.4,200
93,북춘천,2019,11.7,-15.1,20190103,36.5,20190805,5.8,18.3,1016.6,931.8,85.7,68.6,2368.7,1.2,200
95,철원,2015,11.1,-18.1,20150209,35.6,20150711,5.2,17.5,1016.6,1094.9,134,66.7,2625.1,1.6,200
95,철원,2016,11.2,-20.6,20160120,34.3,20160812,5.5,17.4,1016.6,1180.9,154.2,67.3,2356.9,1.5,200
95,철원,2017,10.5,-18.8,20171213,33.8,20170803,4.5,16.8,1016.8,1233.4,117.9,65.8,2379.7,1.5,200
95,철원,2018,10.4,-25.2,20180126,38.4,20180801,4.6,16.7,1017.4,1480.6,384.3,69.1,2506.1,1.7,200
95,철원,2019,11.1,-17.1,20190109,35.1,20190806,5,17.5,1016.8,920.5,105.4,73.7,2754.5,1.2,200
98,동두천,2015,12.4,-14.3,20150209,35.7,20150711,7.1,19,1016.1,988.5,105.8,62,2483.1,1.6,20
98,동두천,2016,12.6,-19.3,20160124,35.7,20160811,7.3,19.3,1016.1,1087.2,162.1,61,2412.1,1.6,20
98,동두천,2017,11.8,-16.6,20171213,35.9,20170805,6.4,18.6,1016.6,989.7,93,60.7,2446.4,1.7,20
98,동두천,2018,11.7,-20.4,20180127,38.7,20180801,6.4,18.4,1017.4,1500,279.6,61,2590.3,1.6,20
98,동두천,2019,12,-13.4,20191206,35.8,20190706,6.6,18.4,1017,1028.1,129.6,68.6,2563.3,1.4,20
99,파주,2015,11.6,-16.4,20150209,35,20150711,5.9,18.2,1016.6,716.2,72.2,66,2623,1.6,50
99,파주,2016,11.7,-20,20160124,35,20160811,6.2,18.2,1016.7,1163.9,164.6,68.2,2555.7,1.6,20
99,파주,2017,10.5,-18.8,20171213,34.9,20170803,4.7,17.2,1016.8,947.8,87.7,70.9,2568.4,1.4,50
99,파주,2018,10.5,-23.5,20180127,37.6,20180801,4.9,17.1,1017.3,1009.5,73,73,2592.8,1.5,50
99,파주,2019,11.3,-16.1,20190102,34.7,20190811,5.5,17.7,1017,1022.4,171.9,73.6,2532.7,1.3,90
100,대관령,2015,8,-19.8,20150108,30,20150806,2.7,13.4,1016.4,981.9,201.5,72.5,2570.8,3.3,270
100,대관령,2016,8.1,-23,20160124,32.4,20160812,2.9,13.5,1016.4,1184,152.5,72.9,2719.4,3.4,270
100,대관령,2017,7.3,-21.1,20170125,31.1,20170719,2,12.5,1016.4,1025.3,132.1,71.3,2909,3.5,270
100,대관령,2018,7.2,-24.4,20180127,32.9,20180722,2,12.5,1017,1731.4,81.5,71.9,2661,3.5,270
100,대관령,2019,8.1,-20.1,20190109,30.2,20190804,2.7,13.6,1016.5,1198.5,118,74.2,2590.2,2.9,270
101,춘천,2015,12.5,-15.7,20150209,35.9,20150807,7.3,18.4,1016.7,757.8,58.6,69.8,2404.6,1.4,360
101,춘천,2016,12.4,-20.1,20160124,35.7,20160812,7.4,18.2,1016.7,1333.8,241.6,70.8,2321.5,1.3,360
101,춘천,2017,11.7,-17.6,20171212,36.3,20170805,6.4,17.6,1016.7,1217.2,124.3,70.3,2387.3,1.4,360
101,춘천,2018,11.6,-21.6,20180126,39.5,20180801,6.4,17.6,1017.2,1401.5,170.7,69.2,2480.3,1.5,360
101,춘천,2019,12.3,-14.1,20190109,36.3,20190805,7.1,18.3,1016.6,923.2,72,68.3,2348.8,1.3,340
102,백령도,2015,11.9,-11.5,20150208,30.2,20150807,9.4,15.1,1016.5,601.5,142.5,68.7,2490.9,4.1,290
102,백령도,2016,11.9,-14.2,20160123,31.5,20160807,9.4,15,1016.5,734,52.7,72.2,2266.4,3.8,290
102,백령도,2017,11.8,-7.4,20171211,31.8,20170721,9.3,15,1016.8,335.1,44.2,71.6,2459.2,4,290
102,백령도,2018,11,-13.7,20180126,32.8,20180816,8.3,14.1,1016.2,831.1,94.1,74.2,2219,3.9,320
102,백령도,2019,12,-9.3,20190208,31.2,20190810,9.3,15.3,1015.5,595.4,81.8,75,2386.5,4,340
104,북강릉,2015,13.1,-11.8,20150209,36.1,20150730,8.8,17.6,1015.6,1017.5,155,59.6,2418.5,1.9,180
104,북강릉,2016,13.1,-15.2,20160124,34.9,20160814,9.1,17.4,1015.5,1204.2,97.9,67.1,2231.4,1.7,160
104,북강릉,2017,13.1,-10.7,20170123,33.9,20170713,8.8,17.3,1015.1,1172.4,97.2,62.8,2505.8,1.8,160
104,북강릉,2018,12.7,-15.9,20180126,37.1,20180805,8.5,16.9,1015.8,1548.1,204.8,61.4,2461.6,1.8,160
104,북강릉,2019,13.6,-7.6,20190116,34.5,20190723,9.4,17.9,1015,1569.7,252.3,59.7,2458.2,1.7,160
105,강릉,2015,13.9,-9.7,20150209,36.8,20150804,10,18.2,1015.8,1047.4,155.5,56.7,2453,2.3,320
105,강릉,2016,13.8,-14.7,20160124,35.5,20160813,10,18.1,1015.7,1258.2,96,57.4,2409.4,2.3,290
105,강릉,2017,13.9,-9.6,20170123,37.1,20170713,9.9,18.3,1015.3,1081.9,95.5,52.2,2636,2.5,320
105,강릉,2018,13.7,-14.2,20180124,38.2,20180804,9.8,18,1016,1599.4,200,55.8,2582.5,2.4,250
105,강릉,2019,14.7,-6.2,20190109,36.4,20190801,10.7,19.4,1015.5,1670.5,310,56.5,2559.8,2.4,230
106,동해,2015,13.8,-8.8,20150209,36.6,20150805,10.1,18,1015.6,911.2,130,63.3,2265.4,2.5,200
106,동해,2016,14.2,-12,20160124,34.5,20160813,10.6,18,1015.5,924.5,122.9,67.1,2238.5,2,230
106,동해,2017,14.1,-7.5,20171217,33.8,20170711,10.2,18,1015.1,985.7,125.8,62.1,2502.3,2.1,200
106,동해,2018,13.2,-12.4,20180126,35.8,20180805,9.4,17.1,1015.8,1436.5,139.9,62.8,2416.4,2.1,230
106,동해,2019,13.4,-6,20190116,33.5,20190731,9.6,17.4,1015.3,1532.8,231.4,62.8,2400.6,2,250
108,서울,2015,13.6,-13,20150209,36,20150711,9.3,18.7,1016.4,792.1,80,60,2580.3,2.7,270
108,서울,2016,13.6,-18,20160124,36.6,20160821,9.4,18.5,1016.4,991.7,108.5,59.2,2497.8,2.3,270
108,서울,2017,13,-12.6,20170123,35.4,20170725,8.8,18.1,1016.6,1233.2,144.5,57.8,2606.3,2.2,270
108,서울,2018,12.9,-17.8,20180126,39.6,20180801,8.8,17.9,1016.9,1284.1,96.5,57.5,2580.7,1.7,290
108,서울,2019,13.5,-10.9,20191231,36.8,20190806,9.3,18.5,1016.3,891.3,63.2,56.8,2542.2,2,290
112,인천,2015,13.1,-11.2,20150208,33.1,20150807,9.9,17,1016.6,652,41.6,78.6,2671.4,3.1,340
112,인천,2016,13.3,-16.3,20160124,34,20160821,10,17.1,1016.7,864.3,107,75.6,2594.7,3.1,340
112,인천,2017,12.5,-11.1,20171212,34,20170805,9.3,16.3,1016.6,1028.9,103.4,66,2751.8,3.1,340
112,인천,2018,12.5,-17.1,20180126,35.9,20180801,9.2,16.3,1016.8,1134.4,127.3,65.3,2715.5,3.1,340
112,인천,2019,13.2,-10.4,20190208,36,20190810,9.9,17.1,1016.4,919.5,88.8,65.2,2672.9,2.9,340
114,원주,2015,13.6,-13.1,20150209,37,20150807,8.6,19.1,1016.2,903.8,89.5,65.6,2593.2,1.4,250
114,원주,2016,13.4,-15.9,20160124,35.7,20160820,8.8,18.5,1016.2,874.6,111.9,60.8,2093,1.1,250
114,원주,2017,12.1,-15.2,20170124,34.8,20170805,7.3,17.3,1016.4,1063.6,81.2,59.6,2193.9,1,250
114,원주,2018,12.4,-17.4,20180127,38.8,20180815,7.7,17.7,1016.7,1229.2,114.6,59.9,2413.9,1.1,250
114,원주,2019,13,-11.3,20190103,35.9,20190810,8.1,18.3,1016.3,771.9,54.8,59.5,2359.3,1,250
115,울릉도,2015,13.1,-6.9,20150209,33.7,20150731,10.6,16.2,1015.5,1393.5,115.5,68.2,2324.1,3.8,230
115,울릉도,2016,13.2,-9.9,20160124,31.5,20160814,10.7,16.3,1015.6,2050.4,220.5,69.7,2121.3,4,200
115,울릉도,2017,13.1,-7,20170114,32.4,20170721,10.5,16.2,1015.1,1181.7,81.6,65.1,2406.7,3.9,200
115,울릉도,2018,13,-10.7,20180124,34.5,20180804,10.5,16,1015.7,1586.4,111,67.2,2289.9,4.1,200
115,울릉도,2019,13.7,-2.9,20190126,32.7,20190801,11.1,16.8,1015.3,1367.4,147.4,68.4,2371.6,3.9,50
119,수원,2015,13.5,-11.7,20150209,35.3,20150807,8.8,19,1016.6,751.1,64.7,67.7,2450.3,1.8,270
119,수원,2016,13.6,-16.2,20160124,36.5,20160821,9,19.1,1016.7,1023.4,104.2,67.7,2367.2,1.8,290
119,수원,2017,12.6,-13.6,20170124,36.9,20170805,7.8,18.3,1016.9,1328.6,130.8,67.4,2606.1,1.8,290
119,수원,2018,12.7,-16.8,20180126,39.3,20180801,7.9,18.5,1017.2,1293.1,124.8,67.3,2605.5,1.8,270
119,수원,2019,13.2,-10.8,20191206,36.5,20190806,8.2,18.8,1016.7,915.8,108,69.7,2475,1.8,270
121,영월,2015,12.4,-15.3,20150209,35.6,20150610,6.7,18.9,1016.5,676,101.1,68.6,2238.3,1.4,270
121,영월,2016,12.4,-17.4,20160125,36.6,20160820,7.1,18.6,1016.5,940.4,147.3,68,2145.9,1.1,270
121,영월,2017,11.7,-15.6,20170124,35.7,20170623,6.2,17.9,1016.6,996.1,72.3,66.8,2332.9,1.1,270
121,영월,2018,11.5,-18.5,20180127,39.9,20180801,6.1,18,1017,1360.8,114.8,68.2,2300.6,1.1,270
121,영월,2019,12.1,-13.4,20190103,36.9,20190705,6.6,18.7,1016.5,830.4,76.4,67.8,2117.2,1.1,270
127,충주,2015,12.7,-13.8,20150103,36.1,20150807,7.3,18.7,1016.7,731.8,71.7,63.3,2306.4,1.6,90
127,충주,2016,12.9,-17,20160125,36.7,20160820,7.5,19,1016.7,917.1,121.9,63.8,2035.9,1.5,90
127,충주,2017,12,-16,20170124,36.3,20170805,6.4,18.3,1017,1072.9,89,63.3,2386.8,1.5,90
127,충주,2018,12,-19.2,20180112,40,20180801,6.4,18.4,1017.4,1349.1,134.2,65.4,2348.3,1.5,90
127,충주,2019,12.3,-13.2,20190109,35.5,20190805,6.7,18.6,1016.8,795.5,60.6,67.8,2261.9,1.3,90
129,서산,2015,12.7,-10.5,20150209,33.7,20150807,7.9,18.1,1017.1,815.9,47.4,78.1,2384.4,2,50
129,서산,2016,12.9,-12.7,20160124,34.6,20160820,8.2,18.2,1017.2,922.1,137.5,81.3,2382.9,2,50
129,서산,2017,12.2,-12.9,20170124,34.7,20170805,7.2,17.6,1017.5,830.4,86.2,78.1,2624.7,2,180
129,서산,2018,12.2,-15.9,20180127,37.1,20180801,7.4,17.6,1017.5,1227.2,139.3,72.8,2660,1.9,20
129,서산,2019,12.7,-10.9,20190109,36.3,20190810,7.6,18.3,1016.8,915,71,72.3,2491.2,1.8,340
130,울진,2015,13.2,-10.4,20150209,35.5,20150804,8.8,17.7,1015.9,819.1,97.3,68.3,2476.3,2.7,270
130,울진,2016,13.2,-13.5,20160124,33.9,20160726,9.2,17.7,1015.9,1196.3,126.6,69.6,2364.4,2.5,270
130,울진,2017,13.2,-9,20171212,37.1,20170721,8.8,18,1015.6,857.5,64.2,64.2,2523,2.5,250
130,울진,2018,13,-13.3,20180126,36.6,20180804,8.6,17.8,1016.2,1436.2,104.4,65.6,2383.6,2.6,270
130,울진,2019,13.9,-5.4,20190116,35.8,20190801,9.6,18.7,1015.6,1581.2,332.9,66.4,2529.2,2.5,270
131,청주,2015,14,-10.8,20150209,36.4,20150807,9.6,19.2,1016.4,756.9,45.5,59.1,2411.9,1.4,270
131,청주,2016,13.9,-16.3,20160124,36.3,20160820,9.5,18.9,1016.4,938,153.6,58.9,2468.3,1.5,270
131,청주,2017,13.4,-11.1,20170124,36.7,20170805,8.9,18.7,1016.6,1301.2,290.2,57.7,2693.5,1.6,250
131,청주,2018,13.5,-15.8,20180127,39.1,20180815,9.1,18.7,1016.8,1381.6,151.6,60.2,2640.8,1.7,320
131,청주,2019,14.2,-8.6,20190109,36.7,20190803,9.7,19.3,1016.5,856.7,97.7,61.2,2432.2,1.3,290
133,대전,2015,14,-12.4,20150209,36.3,20150807,9.2,19.4,1016.7,822.7,66.9,70,2417.9,1.5,320
133,대전,2016,14,-17,20160124,37.6,20160820,9.4,19.4,1016.8,1228.4,179.1,70,2440.1,1.5,320
133,대전,2017,13.4,-11.8,20170115,35.9,20170805,8.5,18.9,1017.1,1127.5,77,68.2,2632,1.6,320
133,대전,2018,13.5,-16.3,20180125,39.4,20180815,8.8,19,1017.2,1542.1,140,68.9,2542.1,1.5,320
133,대전,2019,14,-9.6,20191206,36,20190805,9.2,19.5,1016.9,984.2,82.5,68.8,2474.3,1.4,320
135,추풍령,2015,12.2,-12.1,20150209,34.8,20150807,7,17.7,1016.6,829,59.8,66.2,2315.2,2.6,270
135,추풍령,2016,12.4,-16.8,20160124,35.6,20160807,7.4,17.9,1016.6,1147.1,107.8,65.8,2309.2,2.6,270
135,추풍령,2017,11.9,-12.1,20171214,34.6,20170806,6.6,17.7,1016.6,921.8,73.6,62.8,2574.7,2.8,270
135,추풍령,2018,11.9,-15.9,20180126,36.7,20180815,6.5,17.5,1016.9,1304.2,138.5,63.5,2527.8,2.8,270
135,추풍령,2019,12.4,-11.2,20190109,33.8,20190804,7.1,17.9,1016.7,1164.1,149.3,62.7,2549.1,2.6,270
136,안동,2015,12.9,-13.1,20150108,37.2,20150807,7.5,19,1016.3,755.1,62,63.8,2604,1.7,290
136,안동,2016,13.2,-15.7,20160124,37.8,20160812,7.9,19.2,1016.4,934.4,84.8,64.4,2612.6,1.7,290
136,안동,2017,12.6,-14.5,20170125,36.6,20170806,7,19,1016.3,938.8,99.7,62.7,2941.2,1.7,290
136,안동,2018,12.7,-18.2,20180127,38.9,20180727,7.3,18.9,1016.7,1078,98.5,65,2698.4,1.6,290
136,안동,2019,12.9,-11.6,20190127,36.9,20190805,7.4,18.9,1016.6,867.8,94.4,65.3,2550.3,1.5,290
137,상주,2015,13.7,-11.1,20150209,36.6,20150806,8.7,19.5,1016.4,800.3,50.3,61.8,2435.6,1.5,270
137,상주,2016,13.8,-15.1,20160124,37.2,20160808,9,19.6,1016.5,1136.2,91.6,62.5,2220.7,1.5,270
137,상주,2017,13.3,-11.2,20171214,36.6,20170623,8.2,19.3,1016.5,953.3,133.6,59.1,2508.2,1.7,270
137,상주,2018,13.1,-14.9,20180125,38.5,20180815,8,19.1,1016.8,1357.2,91.6,61.5,2401.1,1.6,270
137,상주,2019,13.4,-8.7,20190109,35.2,20190805,8.3,19.2,1016.5,1062.5,132.2,66.7,2310.5,1.4,270
138,포항,2015,14.8,-9.3,20150209,37.5,20150804,11.2,18.9,1016.1,919.5,83.4,65.4,2353.3,2.7,250
138,포항,2016,15.2,-12.3,20160124,39.3,20160813,11.7,19.2,1016.1,1515.4,155.3,65,2353.1,2.6,250
138,포항,2017,15,-8,20171212,38.6,20170713,11.1,19.4,1015.9,674.3,75.1,60.3,2755.2,2.7,250
138,포항,2018,14.8,-12.9,20180126,39.4,20180804,11.1,19,1016.5,1284.3,179.4,63.6,2595.4,2.8,250
138,포항,2019,15.5,-5.1,20190116,36.5,20190731,11.8,19.8,1016.1,1425.1,309.2,64,2539.3,2.6,250
140,군산,2015,13.4,-9.1,20150103,34.7,20150807,9.4,18.1,1016.7,895.8,44,81.8,2307.2,2.1,270
140,군산,2016,13.8,-13.8,20160124,34.9,20160820,9.8,18.6,1016.7,1144.4,138.8,81.7,2351.7,2.1,290
140,군산,2017,13.1,-10,20171214,36.2,20170805,8.8,18.2,1017,774.4,62.1,76.3,2550.1,2.2,270
140,군산,2018,13.2,-15,20180127,37.1,20180802,9,18.1,1017,1637.1,210.8,75.3,2566.9,2,360
140,군산,2019,13.5,-8.1,20190116,34.9,20190810,9.3,18.4,1016.7,1008.1,83,75.2,2478,,320
143,대구,2015,14.8,-8.9,20150209,38.3,20150806,10.2,20.1,1016.3,908.5,79.5,64.6,2362,2.1,290
143,대구,2016,14.6,-13,20160124,38.1,20160813,10.1,19.8,1015.7,1227.3,113,63.7,2277.3,2.1,290
143,대구,2017,14.4,-10.2,20171214,38.4,20170722,9.3,20.1,1016,663.7,65,58.3,2621.6,2.2,290
143,대구,2018,14.1,-13.9,20180127,39.2,20180727,9.2,19.6,1016.6,1297.6,127.5,58.7,2495.3,2.2,110
143,대구,2019,14.8,-7.2,20190127,36.9,20190802,9.9,20.3,1016.1,995.7,104.5,60.7,2440.5,2,290
146,전주,2015,14.2,-10.1,20150209,35.3,20150807,9.7,19.6,1016.5,813.5,43.5,69.7,2192.8,1.6,140
146,전주,2016,14.3,-13,20160124,36.2,20160820,10.2,19.4,1016.5,1117.7,95.2,72.4,2170.1,1.8,140
146,전주,2017,13.6,-9.7,20170115,35.1,20170805,9.2,19,1016.9,947.8,79.1,70,2428,1.7,140
146,전주,2018,13.9,-15,20180127,38.9,20180813,9.5,19.3,1016.9,1332.5,107.4,74.1,2461.6,1.7,140
146,전주,2019,14.2,-7.5,20191206,35.1,20190814,9.7,19.5,1016.5,968.9,70,74.1,2319.3,1.6,140
152,울산,2015,15,-8.2,20150209,36.8,20150804,10.8,19.8,1016.1,1044.6,59.2,64.9,2231.5,2.2,320
152,울산,2016,14.8,-11.4,20160124,35.7,20160813,10.8,19.4,1015.9,1693.9,266,69.9,2371.2,2.1,340
152,울산,2017,14.5,-8.7,20170115,36.1,20170721,10.1,19.4,1015.7,671.4,104.5,63.9,2722.1,2.2,340
152,울산,2018,14.3,-12.4,20180126,37.3,20180805,10.2,19,1016.2,1416.1,136.4,66.3,2579.9,2.2,340
152,울산,2019,14.9,-5.3,20190116,35,20190802,10.7,19.7,1015.7,1450.1,173.1,65.9,2605.8,2.1,340
155,창원,2015,14.6,-7.8,20150209,35.5,20150809,10.8,19.4,1016.1,1110.7,77.5,65.5,2376.9,1.7,50
155,창원,2016,14.9,-12.6,20160124,36.7,20160731,11.1,19.6,1016,1893,160,67.2,2263.1,1.6,50
155,창원,2017,14.8,-8.4,20170115,38.5,20170807,10.5,20,1016,879.3,65.1,63.3,2580,1.6,50
155,창원,2018,14.2,-12,20180126,37,20180805,10.1,19.1,1016.3,1507.3,102.2,67.3,2298.6,1.6,50
155,창원,2019,14.6,-5.9,20190116,35.6,20190813,10.5,19.7,1015.8,1587,210.9,62.1,2416.5,1.6,50
156,광주,2015,14.6,-8.7,20150209,36.2,20150807,10.4,19.8,1016.7,1049.6,56.4,69.2,2234.9,1.6,50
156,광주,2016,15,-11.7,20160124,37.2,20160812,10.9,20.1,1016.7,1482.3,122.9,71.9,2144.2,1.6,50
156,광주,2017,14.6,-7.9,20170115,37.3,20170806,10.2,20.1,1017,936.6,89.1,68.7,2376.4,1.6,50
156,광주,2018,14.6,-11.5,20180127,38.5,20180815,10.3,20.1,1016.9,1427.9,108.5,70.6,2372.5,1.6,50
156,광주,2019,14.7,-5.9,20190116,34.8,20190804,10.5,20,1016.6,1085.9,88.1,69.2,2290.1,1.5,50
159,부산,2015,15.4,-7.8,20150209,33.5,20150810,12.2,19.5,1016,1396.7,87.5,67.3,2534.8,3.1,50
159,부산,2016,15.7,-10.2,20160124,37.3,20160814,12.5,19.8,1015.9,1760.2,119.4,66.1,2514.9,3.1,50
159,부산,2017,15.2,-7.7,20170115,36.2,20170806,11.7,19.6,1015.9,1014.4,264.1,60.3,2718.1,3.2,50
159,부산,2018,15.1,-9.9,20180126,36.4,20180805,11.8,19.2,1016.2,1778.6,131.1,63.2,2667.8,3.2,50
159,부산,2019,15.7,-4.4,20190116,35,20190813,12.5,19.8,1015.7,1623.2,172.2,62.9,2691.3,3.1,50
162,통영,2015,14.8,-6.7,20150209,34.2,20150807,11.3,19.3,1016.3,1463.8,118.6,73.4,2315.5,2.3,360
162,통영,2016,15.3,-8.6,20160124,35.2,20160821,11.9,19.5,1016.3,1993.7,196.7,71,2246.2,2.4,360
162,통영,2017,14.9,-7.3,20170115,36.3,20170806,11.1,19.4,1016.3,1249.4,273.2,69.3,2604.5,2.4,20
162,통영,2018,14.8,-9,20180126,36.9,20180729,11.2,19.2,1016.6,2118.7,151.7,70.3,2400,2.4,360
162,통영,2019,15.3,-4.2,20190116,35.9,20190814,11.6,19.8,1016.1,1684.6,170.1,69,2416,2.3,360
165,목포,2015,14.4,-6.1,20150201,35.5,20150807,11,18.6,1016.7,1041.6,62.8,79.8,2218.3,3,360
165,목포,2016,14.8,-9.1,20160124,36,20160811,11.5,18.8,1016.8,1398,118.3,82.1,2157.8,3.1,360
165,목포,2017,14.3,-6.5,20170115,34.5,20170805,10.8,18.5,1017.2,722.5,66,81.3,2432,3.5,360
165,목포,2018,14.4,-11.3,20180124,36.7,20180802,11.1,18.4,1017,1363.3,151.9,76.1,2397.5,3.4,360
165,목포,2019,14.3,-4.1,20191206,33.8,20190808,11.1,18.2,1016.6,1248.4,107,72.3,2390.7,3.4,360
168,여수,2015,14.9,-7.5,20150209,32.9,20150807,12.1,18.2,1016,1250.5,102.1,60.3,2450.1,3.9,70
168,여수,2016,15.3,-8.9,20160124,34.4,20160815,12.5,18.6,1016,1616.6,180.9,62.4,2371.6,3.9,70
168,여수,2017,15,-6.8,20170115,35.9,20170807,11.9,18.8,1016.2,1019.6,93.5,63.5,2686.3,3.9,230
168,여수,2018,14.9,-10.3,20180126,35,20180729,12,18.4,1016.3,1578.7,144.4,68.3,2570.3,3.9,70
168,여수,2019,15.4,-4.8,20190116,33.9,20190813,12.5,19,1015.8,1529.9,133.2,67.5,2556.9,3.8,230
169,흑산도,2015,13.6,-4.3,20150208,32.4,20150729,11.3,16.7,1016.4,1085.8,93.9,80.6,2031.1,4.9,340
169,흑산도,2016,13.7,-8.7,20160124,31.6,20160809,11.3,16.9,1016.4,1183.1,136.1,86.2,1922.9,5,360
169,흑산도,2017,13.5,-2.7,20170210,33.7,20170805,10.8,17.2,1016.8,746.9,68.5,86.5,2133.5,5,360
169,흑산도,2018,13.8,-6.7,20180124,34.9,20180815,11.4,17.2,1016.6,1516.2,181.7,81.6,1830.1,5.1,360
169,흑산도,2019,14.1,-1.2,20190208,29.9,20190803,11.7,17.4,1016.3,1079.1,92.5,77.3,2104.4,5,360
170,완도,2015,14.5,-5.4,20150201,33.1,20150809,10.9,18.9,1016.5,1638.5,102.5,75.2,2254.6,2.8,140
170,완도,2016,15.1,-8,20160124,35.6,20160812,11.6,19.2,1016.5,1608.4,124.8,80.4,2052.6,2.5,250
170,완도,2017,14.9,-5.1,20171214,35.4,20170806,11,19.6,1016.8,958.1,164.8,75.1,2311,2.4,340
170,완도,2018,14.8,-8.2,20180124,35.7,20180806,11.1,19.2,1016.7,1431.4,123.3,74.1,2210.1,2.4,320
170,완도,2019,15,-4.1,20190210,33.5,20190814,11.3,19.5,1016.3,1678.8,155.6,71.2,2144.4,2.3,320
172,고창,2015,13.4,-13,20150103,35.6,20150807,8.8,18.7,1017,956.1,66.4,80.6,2025.7,2.5,340
172,고창,2016,14,-12.4,20160124,35.7,20160811,9.7,19.1,1016.9,1090.9,113.3,82,2063.5,2.7,320
172,고창,2017,13.1,-9.4,20170126,35.3,20170805,8.1,18.7,1017.3,901.9,81.2,81.2,2414.3,2.5,320
172,고창,2018,13.3,-15.8,20181229,37.8,20180802,8.5,18.8,1017.2,1316.9,100,79.6,2394.3,2.7,50
172,고창,2019,13.4,-8.3,20190127,35.1,20190803,8.6,18.9,1016.9,1099.5,81.9,76.1,2318.1,2.4,320
174,순천,2015,13.2,-9.3,20150209,35.4,20150730,8.1,19.3,1016.2,1331.5,166,70.7,2152.4,1.7,340
174,순천,2016,13.9,-13.4,20160125,37.8,20160812,9,19.7,1016.1,1614.6,149.4,68.1,2082.9,1.7,320
174,순천,2017,12.7,-10.2,20171214,36.4,20170805,7.1,19.3,1016.4,883.4,86.1,70.3,2381.8,1.8,320
174,순천,2018,12.7,-12.5,20180208,35.8,20180815,7.3,18.8,1016.5,1532.4,131.3,76,2290.5,1.8,320
174,순천,2019,13.1,-8.5,20190104,33.8,20190814,7.9,19.3,1016,1568.2,194,74.4,2254.8,1.9,320
175,진도(첨찰산),2015,11.7,-8.4,20150209,31.8,20150808,8.6,16.5,1016.3,1451.2,102,78.2,2280.7,4.7,340
175,진도(첨찰산),2016,12.4,-12.7,20160124,33.4,20160813,9.3,17,1016.3,1454,93.7,80,2033,4.8,340
175,진도(첨찰산),2017,12.4,-7.7,20170131,34,20170724,9,17.4,1016.6,814.5,98.9,72.5,2311.6,4.7,20
175,진도(첨찰산),2018,12.2,-13.8,20180124,35.6,20180801,9.1,17.1,1016.6,1394.6,140.9,77,2206.8,4.3,360
175,진도(첨찰산),2019,,-7.6,20190109,32.6,20190805,,,,787.2,106,,1345.5,,360
176,대구(기),2015,,-9.4,20150209,34.3,20150526,,,,188.5,36,,1137,,290
177,홍성,2015,,-7.6,20151228,21.5,20151106,,,,222.3,56,,197.5,,360
177,홍성,2016,13.2,-15.8,20160125,34.9,20160820,8.1,18.7,1015.9,760.4,69,76.9,2558.1,1.6,180
177,홍성,2017,12.6,-14.2,20170124,35.2,20170805,7.3,18.1,1016.3,1009.5,130.5,75.3,2531.2,1.6,230
177,홍성,2018,12.4,-16.6,20180112,37,20180803,7.3,17.8,1016.9,1299,158.4,78.3,2556.2,1.5,20
177,홍성,2019,12.7,-10.9,20190109,34.7,20190810,7.5,18.3,1016.4,922.3,132.8,74,2436.5,1.4,160
184,제주,2015,16.7,-.7,20150208,36.7,20150729,14.1,19.8,1016.5,1728.3,98.9,70.9,1826.6,3,320
184,제주,2016,17,-5.8,20160124,35.5,20160728,14.4,20.2,1016.6,1416.4,158.5,71.9,1718.4,3.1,20
184,제주,2017,16.8,-1.1,20170210,37,20170721,14,20,1017,773.3,67.5,67.5,1981.3,3.1,320
184,제주,2018,16.6,-2.6,20180125,35.3,20180814,13.9,19.8,1016.7,1769.5,310,71.1,1939.7,3.1,360
184,제주,2019,16.8,1,20190212,35.4,20190730,14.2,19.9,1016.5,1979.9,187.7,69.8,1909.9,3,320
185,고산,2015,15.6,-1.4,20150208,33.4,20150710,13.2,18.5,1016.4,1546.4,115.5,77.7,2075.3,6.2,340
185,고산,2016,16.2,-6.2,20160124,34,20160813,13.8,19.2,1016.4,1293.1,70.5,78.6,1911.3,6.3,340
185,고산,2017,16,-1.4,20170210,35.1,20170805,13.4,19.1,1016.6,861.3,109.8,77.2,2230.2,6.5,340
185,고산,2018,16.1,-2.7,20180124,35.5,20180802,13.6,19.2,1016.1,1345.8,103.1,79.5,2237.6,,50
185,고산,2019,16.2,1.3,20190209,32.9,20190808,13.7,19.2,1015.9,1560.9,109.9,78.3,2236,5.4,50
188,성산,2015,15.7,-2.8,20150210,32.9,20150729,12.2,19.3,1016,2542.2,169.7,75.7,2105.6,2.9,290
188,성산,2016,16.3,-6.9,20160124,35.3,20160815,13.1,19.8,1016,2255.9,127.2,76.4,1915.7,3,290
188,성산,2017,15.9,-3.8,20170213,34.3,20170721,12.3,19.8,1016.4,1917.7,220.6,70.6,2255.5,3.1,290
188,성산,2018,15.7,-3.8,20180205,34.7,20180810,12.3,19.3,1016.5,2146.7,181,74,2139.4,3.1,290
188,성산,2019,16.1,-.7,20190202,32.5,20190814,12.5,19.8,1016.2,2658.1,262.7,70.9,2187.6,3.1,360
189,서귀포,2015,16.7,-.8,20150208,31.5,20150626,13.9,20,1015.6,2618.1,220.5,72.6,2233.6,2.1,50
189,서귀포,2016,17,-6.4,20160124,33.2,20160822,14.3,20.1,1015.6,2204.5,267.7,75.7,1976,1.7,50
189,서귀포,2017,17,-1.6,20170210,35.8,20170725,14,20.3,1015.9,1334,141.9,72.3,2323.8,1.8,360
189,서귀포,2018,16.7,-3,20180112,33.5,20180802,13.9,20,1015.6,2166.2,199.1,78.7,2022.9,1.8,50
189,서귀포,2019,17.3,2,20190117,32.2,20190806,14.4,20.5,1015.5,2210.3,197.3,77.9,2239.9,1.8,50
192,진주,2015,13.4,-11.5,20150209,35.5,20150807,8,19.6,1016.5,1324.8,77,68.1,2460.4,1.1,20
192,진주,2016,13.8,-12.8,20160125,37.5,20160811,8.6,19.9,1016.5,1734.6,174.5,66.3,2282.4,1.1,360
192,진주,2017,13.5,-12,20171214,37.1,20170807,7.5,20.3,1016.5,766.7,74.4,61.2,2616.3,1.2,360
192,진주,2018,13.4,-14.3,20180207,37.9,20180727,7.7,19.8,1016.7,1605.4,165.8,65.1,2427.1,1.1,360
192,진주,2019,13.9,-10.1,20190127,35.7,20190805,8.3,20.5,1016.2,1481.6,139.6,69.3,2620.9,1,360
201,강화,2015,12,-12.1,20150209,33.5,20150807,7.1,17.1,1016.7,647.9,69,66.3,2381.3,2.1,250
201,강화,2016,12.1,-17.4,20160124,33.9,20160822,7.4,17.2,1016.8,1100.9,98,64.4,2291,2,250
201,강화,2017,11.5,-14.3,20170124,33.4,20170805,6.6,16.5,1017,809.3,108.5,65.3,2434.2,2.1,250
201,강화,2018,11.3,-19,20180127,35.4,20180815,6.5,16.4,1017.3,1072.3,147.5,66,2432.2,2,250
201,강화,2019,12.2,-12.6,20190116,35,20190719,7.1,17.4,1016.8,1079.3,216.5,66.3,2472.6,2,250
202,양평,2015,12.9,-13.5,20150103,36.1,20150807,7.6,18.9,1016.6,801.5,69.5,67.3,2228.2,1.5,290
202,양평,2016,12.9,-17.8,20160125,36.1,20160808,7.9,18.8,1016.7,935.9,125,65.8,2141.7,1.5,290
202,양평,2017,12.2,-17,20170124,36.3,20170805,6.8,18.1,1016.8,1188.4,126,63.2,2316.8,1.6,320
202,양평,2018,12.1,-19.9,20180127,40.1,20180801,6.8,18.2,1017.1,1355.4,130.5,63.2,2319.8,1.5,320
202,양평,2019,12.7,-13.6,20190103,36.4,20190805,7.4,18.8,1016.7,1038.6,95,64.5,2202.7,1.4,320
203,이천,2015,12.4,-14,20150103,36.3,20150807,6.8,18.7,1016.6,842.5,56,62.4,2372,1.4,250
203,이천,2016,12.7,-18.5,20160125,36.3,20160806,7.2,19,1016.7,870.2,83.2,62.6,2311.3,1.3,250
203,이천,2017,11.7,-17.4,20170124,37.1,20170805,5.9,18.2,1016.9,1020,73.9,62.1,2498,1.4,250
203,이천,2018,11.7,-19.2,20180127,39.4,20180801,6,18.3,1017.4,1425.5,168.4,64.5,2502.9,1.4,250
203,이천,2019,12.3,-14.6,20190109,37.3,20190805,6.6,18.9,1017,997.5,63.8,66.9,2283.1,1.3,250
211,인제,2015,11.1,-16,20150209,35.4,20150807,5.8,17.6,1016.6,755.7,49.5,67.5,2260.6,1.8,180
211,인제,2016,11.2,-19,20160124,35,20160808,6,17.4,1016.6,1185.7,252,65,2191.3,1.8,160
211,인제,2017,10.5,-17.3,20171213,35.8,20170805,5.2,16.8,1016.7,1209.3,89.5,62.1,2240.3,1.7,160
211,인제,2018,10.1,-21.3,20180125,37.7,20180801,4.8,16.5,1017.2,1214.3,171.5,65.3,2273,1.8,160
211,인제,2019,11.2,-15.4,20190103,36,20190805,5.8,17.6,1016.7,779.3,77.5,67.2,2083.9,1.6,160
212,홍천,2015,12.2,-16.4,20150209,37.1,20150808,6.6,19,1016.7,740,62.5,64.8,2459.6,1.2,70
212,홍천,2016,12.3,-19.3,20160124,36.6,20160812,6.9,18.9,1016.7,967.9,108.5,65.5,2378.1,1.2,270
212,홍천,2017,11.3,-18.2,20170124,37.2,20170805,5.7,18,1016.7,1192.2,124.5,65.3,2502.4,1.2,50
212,홍천,2018,11.2,-21.7,20180126,41,20180801,5.6,18,1017.1,1348.6,158.5,67.3,2513.4,1.2,50
212,홍천,2019,12.1,-14.9,20190103,37.1,20190810,6.6,19,1016.5,871.4,70,67.3,2275.7,1.1,50
216,태백,2015,9.8,-15.8,20150209,33.1,20150807,4.8,15.4,1015.7,882.8,115.9,66.6,1989.2,1.6,230
216,태백,2016,9.8,-20.4,20160124,34.6,20160812,4.8,15.3,1015.6,1141.4,151.5,69.4,1950.1,1.6,230
216,태백,2017,9,-16.3,20170125,33.1,20170713,3.9,14.5,1015.5,933.8,117.1,65.3,2133,1.6,230
216,태백,2018,9.3,-20.1,20180127,35.7,20180721,4.2,14.8,1016,1489.3,102.5,66.9,2064.6,1.6,230
216,태백,2019,9.9,-14.6,20190109,33,20190802,4.8,15.6,1015.6,1169.8,105.6,67.3,2102.6,1.5,230
217,정선군,2015,11.4,-14.4,20150108,36.3,20150807,6.3,17.9,1016.6,724.6,78,64,2036.7,1.7,340
217,정선군,2016,11.5,-18.3,20160124,35.9,20160805,6.5,17.9,1016.7,1174.2,154,64.4,1986.1,1.5,340
217,정선군,2017,10.8,-17.2,20170124,35.5,20170806,5.5,17.3,1016.7,972.5,74,63.8,2034.9,1.7,340
217,정선군,2018,10.6,-20.1,20180127,39.6,20180803,5.4,17.2,1017.2,1420.9,84.5,65.7,1889.6,1.7,20
217,정선군,2019,11.2,-13.8,20190109,35.6,20190802,5.9,17.9,1016.7,798.9,55.5,65.3,1753.9,1.7,20
221,제천,2015,11.1,-17.1,20150209,36,20150807,5.1,17.8,1016.6,803.4,129.5,68,2242.7,1.5,250
221,제천,2016,11.3,-20.7,20160124,35.4,20160806,5.4,17.8,1016.7,1107.9,176,67.6,2135.1,1.4,250
221,제천,2017,10.5,-18.9,20170124,36.2,20170805,4.3,17.2,1016.4,1070.7,83.5,66.3,2319.6,1.6,250
221,제천,2018,10.5,-21.3,20180127,39.4,20180801,4.5,17.4,1016.7,1409.3,130,66.9,2337.5,1.6,250
221,제천,2019,11.1,-16.1,20190109,36.5,20190805,4.9,18.2,1016.6,843,52.5,66.6,2207.7,1.5,250
226,보은,2015,12,-13.7,20150103,35.2,20150807,6.4,18.6,1016.8,817,52.5,69.8,2097.8,1.4,320
226,보은,2016,12.3,-18.2,20160124,35.6,20160819,6.7,18.8,1016.9,1291.6,196.5,68.6,2077.7,1.4,320
226,보은,2017,11.5,-16.9,20170125,35.8,20170805,5.5,18.4,1017.1,1322.8,91,67.5,2285.6,1.4,320
226,보은,2018,11.6,-19.7,20180111,38.2,20180815,5.7,18.5,1017.3,1409.5,117,70.4,2257.5,1.3,320
226,보은,2019,12.2,-13.1,20190127,35.8,20190804,6.1,19,1016.6,1046.2,82,70.7,2126.8,1.3,320
232,천안,2015,13,-12.8,20150209,36.3,20150807,7.9,18.8,1016,728,49,71.7,2124.7,1.9,270
232,천안,2016,12.7,-18.6,20160125,35.1,20160806,7.4,18.6,1016.5,1004.8,89.2,69.9,2223.8,1.5,270
232,천안,2017,11.8,-15.9,20170124,35.2,20170805,6.1,18,1016.9,1305,232.7,64.1,2473.1,1.5,90
232,천안,2018,11.8,-20.6,20180112,37.8,20180815,6.2,18,1017.1,1163.4,120.1,65.3,2396.4,1.6,90
232,천안,2019,12,-13.2,20190109,34.3,20190803,6.3,18.1,1016.6,845.6,132.6,,2256.6,1.3,290
235,보령,2015,13.3,-9.7,20150209,33.8,20150807,9.2,18,1016.5,785.4,36.5,76.9,2298.6,1.7,20
235,보령,2016,13.6,-13.6,20160124,33.9,20160811,9.5,18.3,1016.5,792.8,69.1,78.3,2245.2,1.5,20
235,보령,2017,12.8,-10.4,20170115,35.2,20170805,8.5,17.5,1016.9,856.2,80.2,78.8,2413.2,1.5,20
235,보령,2018,13,-14.8,20180127,36.4,20180816,8.8,17.6,1016.7,1337.2,196.2,76,2289.9,1.5,20
235,보령,2019,13.2,-8,20190116,35.5,20190810,8.9,18.1,1015.9,821.9,92.1,70.4,1977.5,1.4,20
236,부여,2015,12.9,-14.2,20150103,35.8,20150807,7.8,19,1016.7,848.8,60,75.7,2081.7,1.3,20
236,부여,2016,13.3,-17.5,20160125,36.2,20160812,8.2,19.4,1016.8,1129.3,157,74.3,2082.5,1.3,230
236,부여,2017,12.5,-13.3,20170124,36.5,20170805,7,18.9,1017.1,1112,107,71.1,2313.9,1.3,320
236,부여,2018,12.7,-16.6,20180127,39.3,20180815,7.3,19.1,1017.2,1457.9,187,71.4,2344,1.3,20
236,부여,2019,12.9,-10.9,20190127,36.4,20190805,7.4,19.5,1017,992,92.5,72,2172.6,1.3,230
238,금산,2015,12.6,-13.2,20150103,35.7,20150807,7.1,18.8,1016.6,877.6,77.5,73.1,2022.2,1.2,270
238,금산,2016,12.7,-17.4,20160125,35.7,20160812,7.3,19,1016.7,1325.6,151.5,71.8,2070.1,1.2,270
238,금산,2017,11.8,-15,20170124,36,20170806,6,18.5,1016.9,967.6,88.5,68.6,2250,1.3,270
238,금산,2018,12,-17.5,20180111,38.8,20180802,6.2,18.6,1017,1397.2,168.5,68.3,2265.5,1.3,270
238,금산,2019,12.4,-12.5,20190127,36.1,20190804,6.6,19.2,1016.8,982.6,75.5,68.7,2110.6,1.2,270
239,세종,2019,,-9.4,20191206,35.5,20190805,,,,959.3,78.3,,1221.7,,90
243,부안,2015,13.5,-12.2,20150103,35.5,20150807,9.2,18.7,1016.8,924.1,52,71.6,2107.5,1.7,320
243,부안,2016,13.8,-15.6,20160125,35.1,20160820,9.5,19,1016.9,1075.5,93,72.2,2102.3,1.7,320
243,부안,2017,13.2,-9.7,20171214,35.8,20170805,8.6,18.7,1017.3,906.5,121,70.3,2322.7,1.7,290
243,부안,2018,13.3,-14.6,20180207,38,20180801,8.8,18.8,1017.2,1359,159,71.1,2348.2,1.7,290
243,부안,2019,13.7,-8.2,20190127,35.8,20190810,9.1,19.1,1017,1087.5,85,72.5,2386.6,1.6,290
244,임실,2015,12.1,-15,20150103,35.6,20150807,6.5,18.6,1016.8,843.1,73,71.8,1964.9,1.3,320
244,임실,2016,12.5,-20.6,20160125,36.3,20160821,7,19.1,1016.9,1326.5,112.5,72.4,1965.9,1.3,320
244,임실,2017,11.6,-14.9,20171214,36.5,20170806,5.6,18.6,1017.2,958.3,61,70.5,2182.1,1.2,320
244,임실,2018,12,-20,20180112,37.5,20180815,6,18.8,1017.1,1468.2,131.5,71.3,2205.6,1.2,320
244,임실,2019,12.2,-12.4,20190127,35.3,20190805,6.4,19.1,1016.7,1069.7,93.5,72.1,2095.8,1.3,320
245,정읍,2015,14.1,-10.1,20150209,36.6,20150807,9.5,19.7,1016.7,988.5,64.5,74.5,1690,1.4,110
245,정읍,2016,14.3,-14.7,20160125,36.4,20160811,9.7,19.7,1016.8,1279.5,125.5,72.3,2248.8,1.4,110
245,정읍,2017,13.1,-10.9,20171214,35.8,20170805,8.1,18.8,1017,938.2,85.2,73.1,2415.3,1.5,360
245,정읍,2018,13.1,-14.7,20180207,38.4,20180802,8.4,18.7,1016.9,1305,93.7,78.6,2391.5,1.6,20
245,정읍,2019,13.3,-8,20190127,34.7,20190810,8.5,18.8,1016.6,1246.7,131.1,75.3,2023.6,,360
247,남원,2015,12.8,-11.9,20150209,35.9,20150807,7.8,18.8,1016,869,67.2,68,2148.7,1.8,50
247,남원,2016,13.5,-17,20160125,36.2,20160812,8.5,19.3,1016,1388.5,113.4,67.6,2176.3,1.7,50
247,남원,2017,12.7,-13.1,20170123,37,20170806,7.2,19.2,1016.5,851.3,82.1,65.1,2362.1,1.6,70
247,남원,2018,13,-16.4,20180112,37.5,20180728,7.7,19.2,1016.9,1431.7,158.9,66.8,2418.1,1.7,20
247,남원,2019,13.3,-10.1,20190127,35.4,20190803,8,19.6,1016.6,1332.8,144.1,67.9,2315.4,1.6,360
248,장수,2015,11.5,-14.6,20150103,34.2,20150807,5.9,17.9,1016.5,1012.2,103,74.8,1965,1.7,340
248,장수,2016,11.7,-17.5,20160125,34.1,20160824,6.1,18,1016.6,1485.8,116,74.3,2013.2,1.7,360
248,장수,2017,10.8,-16.6,20170125,35.3,20170806,4.8,17.5,1016.9,1128.1,89,71.3,2187.8,1.7,360
248,장수,2018,11.1,-19.4,20180111,36.5,20180814,5.2,17.7,1016.9,1665,174,70.4,2194.7,1.7,360
248,장수,2019,11.4,-13.6,20190127,33.9,20190802,5.6,18,1016.6,1262.8,94,71.3,2098.2,1.5,360
251,고창군,2015,13.9,-10.9,20150103,36.2,20150807,9.3,19.5,1016.2,966.3,68,72.1,1982.2,1.6,320
251,고창군,2016,14.3,-13,20160125,37,20160812,9.7,19.8,1016.2,1126.1,112.5,74.3,1972.9,1.7,320
251,고창군,2017,13.5,-10,20171214,36.2,20170805,8.3,19.4,1016.6,1063.3,109,73.8,2164.6,1.6,320
251,고창군,2018,12.8,-15.6,20180207,37.7,20180802,7.9,18.7,1016.5,1314.1,122,72.8,2176.8,2,20
251,고창군,2019,13.2,-8.3,20190116,34.5,20190803,8.3,18.9,1016.1,1121.7,96.1,71.9,2218.9,1.5,360
252,영광군,2015,13.5,-11.4,20150103,35.9,20150807,8.9,18.8,1016.6,962.6,66.5,73.8,2360.9,2.3,360
252,영광군,2016,13.7,-13.2,20160124,35.1,20160812,9.2,18.8,1016.7,1209.3,127.5,73.6,2351.9,2.3,20
252,영광군,2017,12.9,-9.9,20171214,35.8,20170805,8,18.6,1017.1,841.7,76,71.9,2564,2.2,360
252,영광군,2018,13.1,-15.2,20180127,37.6,20180802,8.4,18.7,1017,1378,121.5,73.8,2548.7,2.1,360
252,영광군,2019,13.3,-8.9,20190127,34.9,20190806,8.6,18.6,1016.8,1205.3,93.7,75.8,2341.2,1.7,360
253,김해시,2015,15.3,-7.9,20150209,36.7,20150808,11.2,20.6,1016.8,1034.6,57,60.8,2408.4,2,320
253,김해시,2016,15.4,-10.4,20160124,36.7,20160811,11.4,20.6,1016.8,1634,140.5,66.5,2295.7,2.1,320
253,김해시,2017,14.6,-8.4,20171212,38,20170807,10.1,20.2,1016.7,755.8,142.3,62.8,2648.9,2.2,320
253,김해시,2018,14.8,-12.4,20180207,38.5,20180805,10.5,20.3,1017,1469.7,93.8,65.5,2567.9,2.1,320
253,김해시,2019,15.5,-5.2,20190201,36.6,20190805,11.2,21.1,1016.5,1494,171.5,64.8,2531.1,2.1,320
254,순창군,2015,13.3,-12.7,20150103,35.6,20150807,8,19.5,1016.9,1061.1,67.5,72.6,2279.5,1.6,270
254,순창군,2016,12.7,-17.7,20160125,35.4,20160811,7.5,18.7,1017,1509.9,142,73,2328.3,1.7,270
254,순창군,2017,12.2,-14.8,20170123,36.7,20170806,6.6,18.7,1017.2,1023.2,83.5,70.2,2538.4,1.7,270
254,순창군,2018,12.8,-16.2,20180112,38.1,20180727,7.4,19.2,1017.2,1523.3,118.5,73.8,2523.4,1.4,270
254,순창군,2019,13,-10.7,20190127,36,20190805,7.6,19.5,1016.8,1284.2,115,73.1,2296.4,1.5,270
255,북창원,2015,14.5,-8.9,20150209,35.3,20150806,10.2,19.8,1015.9,1101.1,64.5,69,2133,1.3,340
255,북창원,2016,14.9,-11.3,20160124,36.3,20160812,10.7,19.9,1015.9,1985.7,219.5,68.6,2206.6,1.4,340
255,북창원,2017,14.7,-9,20170115,37.2,20170806,10.1,20.3,1016.1,945.7,94,62.8,2529.1,1.4,340
255,북창원,2018,14.4,-11.7,20180127,37.3,20180720,10,19.8,1016.5,1654.9,156.5,65.5,2360.3,1.5,340
255,북창원,2019,14.2,-6.8,20191206,34.9,20190813,9.7,19.8,1016,1675.3,170.5,66,2357.4,1.3,340
257,양산시,2015,14.9,-7.6,20150209,37.4,20150807,10.4,20.4,1017.2,1236,73.5,62.8,2355.2,2.4,230
257,양산시,2016,15.3,-10.5,20160124,37.5,20160814,10.8,20.7,1017.3,1978.8,277.5,65.8,2165.5,2.3,230
257,양산시,2017,15.1,-8.5,20171214,38.7,20170807,10.1,21,1017.2,720.2,121.5,65,2468.5,2.3,230
257,양산시,2018,14.8,-11.1,20180127,39.1,20180814,10,20.5,1017.5,1589.2,159,67.7,2282.9,2.3,230
257,양산시,2019,15.4,-6,20190127,36.9,20190804,10.6,21.3,1017,1536.1,214.5,67.1,2264.7,2.1,230
258,보성군,2015,14.6,-6.8,20150209,34.8,20150809,9.9,19.7,1016.7,1211.6,96,65.9,2212.9,2.7,270
258,보성군,2016,14.7,-9.6,20160124,36.1,20160811,10.1,19.7,1016.8,1599.8,168,69.8,2263.3,2.5,270
258,보성군,2017,14.1,-8.7,20171214,35.5,20170724,8.8,19.9,1017,918.1,93,67.7,2569.3,1.7,290
258,보성군,2018,14.1,-11.6,20180112,36.2,20180805,9.1,19.4,1017,1430.1,112,70.8,2502,,290
258,보성군,2019,14.3,-8.3,20190104,35.1,20190814,9.3,19.8,1016.6,1527.2,162.5,70.1,2498.2,3,290
259,강진군,2015,13.9,-6.6,20150209,34,20150809,9.3,19.3,1017.1,1240.4,105,73.9,2208.9,2.4,320
259,강진군,2016,14.4,-9.5,20160124,37,20160811,10,19.6,1017.1,1619.4,131.5,75.8,2143.4,2.3,320
259,강진군,2017,,-7.3,20170128,37,20170806,8.8,19.7,,816.2,107,,2367.3,2.3,320
259,강진군,2018,14,-12.7,20180112,37.4,20180727,9.3,19.5,1017.3,1634.5,241,71.9,2348.3,2.4,320
259,강진군,2019,14.3,-6,20190104,35,20190806,9.4,19.8,1016.9,1481.6,137.5,69.5,2306,2.2,320
260,장흥,2015,13.9,-8,20150214,35.3,20150809,8.9,19.5,1016.5,1161,142.5,76.5,2020.6,1.9,340
260,장흥,2016,14.3,-10.5,20160124,36.2,20160813,9.5,19.5,1016.4,1513.2,130.8,76.1,2096.1,1.8,340
260,장흥,2017,13.8,-8.8,20171214,35.6,20170806,8.2,19.8,1016.7,969.7,112.7,72.5,2337.3,1.8,340
260,장흥,2018,13.8,-13.2,20180112,36.8,20180727,8.5,19.5,1016.6,1410.9,146.3,74.7,2152.3,1.8,340
260,장흥,2019,14.2,-8.2,20190104,34.5,20190814,8.8,20,1016.2,1517.4,180.4,72.5,2280.1,1.8,340
261,해남,2015,13.9,-7.4,20150214,34.1,20150808,9,19.2,1016.4,1157.8,137.2,78.4,2049.3,2,290
261,해남,2016,14,-9.8,20160124,37.1,20160811,9.1,19.4,1016.4,1360.2,93.6,75.8,2104.5,2.2,290
261,해남,2017,13.4,-10.4,20170128,37.2,20170806,7.6,19.5,1016.7,725.3,86.1,70.3,2374.1,2,290
261,해남,2018,13.2,-14,20180112,36.6,20180727,7.9,19,1016.9,1297.1,157.8,75.1,2288.8,2.1,290
261,해남,2019,13.2,-10,20190104,34.4,20190802,7.8,19.1,1016.7,1222,186.6,76.3,2305.9,2,290
262,고흥,2015,14.1,-7.4,20150201,34.2,20150809,9.3,19.4,1016.3,1379.7,123,76.5,2106.2,1.7,340
262,고흥,2016,14.2,-9.3,20160124,36,20160811,9.6,19.3,1016.3,1641.9,179.7,77.5,2099.5,1.4,340
262,고흥,2017,13.7,-10.6,20171214,36,20170806,8.4,19.5,1016.5,1115.4,162.6,70.4,2409.3,1.5,340
262,고흥,2018,13.6,-12.6,20180127,35.7,20180727,8.5,19.1,1016.4,1458.8,155.5,73.7,2306.5,1.3,340
262,고흥,2019,13.9,-7.5,20190212,35.4,20190814,8.7,19.4,1016,1676.5,225.3,72.3,2187.3,1.4,340
263,의령군,2015,12.9,-12.4,20150209,34.8,20150526,7.4,19.6,1016.3,1077.2,62,76.1,2106.7,1.2,270
263,의령군,2016,13.3,-13.9,20160125,37,20160812,7.9,19.9,1016.3,1474,144.5,76,2072.7,1.1,270
263,의령군,2017,13.6,-12.2,20171214,37.6,20170806,7.4,20.9,1016.3,876.8,113,69.6,2425.8,1.3,270
263,의령군,2018,13.5,-14.4,20180127,38.7,20180727,7.6,20.4,1016.6,1561.6,262,70,2274.9,1.2,90
263,의령군,2019,14,-10.2,20190127,36.1,20190802,8.2,20.9,1016.1,1272.8,235.5,69.4,2288.6,1.2,340
264,함양군,2015,13,-10.8,20150103,37.1,20150806,7.5,19.6,1016.5,985.4,66.5,75.7,2052.8,1.2,250
264,함양군,2016,13.6,-11.7,20160124,37.3,20160812,8.1,20,1016.4,1128,146,73.4,2060.9,1.3,250
264,함양군,2017,12.8,-14,20171214,36.3,20170806,6.6,20,1016.6,614.6,51.5,71.1,2304.2,1.4,250
264,함양군,2018,12.7,-16,20180127,37.8,20180727,6.7,19.6,1016.8,1666.7,162,75.9,2280.5,1.2,250
264,함양군,2019,13.2,-11,20190127,35.1,20190802,7.3,20,1016.3,1464.6,191.5,74.5,2272.3,1.2,250
266,광양시,2015,15.4,-7.8,20150209,37.1,20150807,11.5,20.2,1015.5,1205.6,86,71,2405.3,2,290
266,광양시,2016,15.4,-9.9,20160124,37.8,20160814,11.5,20.1,1015.6,1607.4,147,74.1,2231.6,1.9,290
266,광양시,2017,14.9,-7.6,20170115,37,20170807,10.6,20.1,1015.9,824.4,76,68.2,2549.3,1.9,290
266,광양시,2018,14.8,-11.3,20180127,37.6,20180805,10.7,19.8,1016.6,1695,180,65.7,2374.2,1.9,290
266,광양시,2019,15.4,-5.6,20190116,34.8,20190802,11.2,20.5,1016,1566.1,151.5,58.8,2382.3,1.8,290
268,진도군,2015,14.1,-4.9,20150214,33.4,20150807,9.9,18.5,1016,1330.6,92,79.3,2069.3,2.3,20
268,진도군,2016,14.5,-8.6,20160124,35.2,20160824,10.4,18.7,1016,1569.1,101.5,79.8,2047.2,2.5,360
268,진도군,2017,14,-6.1,20170213,34.8,20170805,9.4,18.7,1016.4,787.6,88.5,74.4,2138.5,2.4,360
268,진도군,2018,14.1,-9.5,20180124,35.5,20180822,9.8,18.5,1016.2,1589.5,305,75.4,2202.7,2.3,360
268,진도군,2019,14.2,-5.3,20190119,33.3,20190804,9.8,18.6,1015.8,1538.8,202,73.6,2155.7,2.3,340
271,봉화,2015,10.3,-17.1,20150209,35.5,20150807,4.1,17.3,1016.1,589.2,39,69.5,2132.9,1.5,340
271,봉화,2016,10.8,-18.7,20160124,35,20160813,4.8,17.6,1016.1,1044.8,164,67.5,2188.5,1.5,340
271,봉화,2017,10.3,-17.9,20170125,34.6,20170806,3.9,17.4,1016.2,795.3,66,66.1,2238,1.5,340
271,봉화,2018,10.3,-21.7,20180127,37.8,20180802,4,17.4,1016.8,1290.7,115.5,66.7,2253.6,1.5,340
271,봉화,2019,11,-15.6,20190109,34.5,20190802,4.8,18.1,1016.3,1005.8,68.5,68.6,2160.1,1.5,340
272,영주,2015,12.5,-13.7,20150108,37.1,20150807,6.9,18.6,1016.2,771.2,54.5,66.2,2278,2.5,320
272,영주,2016,12.3,-16.9,20160124,35.5,20160812,6.8,18.2,1016.3,1263.3,175,65.2,2180.2,2.5,320
272,영주,2017,11.6,-15.4,20171214,36.4,20170805,5.9,17.7,1016.3,1055.3,72.5,61.6,2521.8,2.7,320
272,영주,2018,11.6,-19,20180127,38,20180801,5.9,17.6,1016.6,1591.5,121,62.1,2513.6,2.5,320
272,영주,2019,12.1,-13.5,20190109,36.2,20190805,6.4,18.1,1016.3,996.4,92,63.8,2396,2.4,320
273,문경,2015,12.5,-11.9,20150209,36.1,20150806,7.2,18.4,1016.4,765.3,59,59.8,2204.1,1.8,290
273,문경,2016,12.3,-16.2,20160124,36.3,20160812,7.3,18,1016.5,1193.8,161,60.1,2128.5,1.8,290
273,문경,2017,12.4,-13.1,20171214,36,20170806,7,18.5,1016.5,1292.8,132.5,56.5,2425.8,2,290
273,문경,2018,12.4,-16.7,20180127,38.1,20180814,7,18.4,1016.8,1360.1,82.5,56.9,2317.7,2,320
273,문경,2019,12.9,-10.5,20190109,35.5,20190805,7.4,18.9,1016.4,1082.5,91,63.7,2257.3,1.9,290
276,청송군,2015,11.6,-15.1,20150103,37.4,20150806,5.6,18.7,1016.4,707.3,64,68.9,2088.5,1.3,270
276,청송군,2016,11.8,-15.9,20160120,36.3,20160813,6,18.6,1016.5,1008,88,68.3,1967.4,1.3,270
276,청송군,2017,11.2,-16.3,20171214,36.9,20170806,5,18.5,1016.4,783.9,77,66.1,2184.4,1.5,270
276,청송군,2018,11.2,-19.8,20180127,38.1,20180803,5.3,18.1,1016.8,1139.7,95.5,68.4,2239.6,1.5,270
276,청송군,2019,11.7,-13.5,20190127,35.5,20190804,5.8,18.5,1016.5,982.8,131.5,75.3,2262.2,1.4,270
277,영덕,2015,13.5,-10.8,20150209,38.2,20150804,8.8,19,1016.1,811.3,83.5,63.3,2301.9,3,180
277,영덕,2016,13.8,-13.7,20160124,38.6,20160813,9.2,19.1,1016.1,1088.3,88.5,64.2,2354.1,2.8,180
277,영덕,2017,13.7,-9.4,20171212,38.1,20170713,8.8,19.3,1015.8,880.3,96.5,59.2,2610.6,2.8,270
277,영덕,2018,13.4,-14.6,20180126,39.9,20180805,8.6,18.9,1016.3,1365.4,220.5,62.5,2514.6,2.9,180
277,영덕,2019,14.3,-6,20190116,35.8,20190804,9.6,19.9,1015.7,1455.9,289,64.1,2477.8,2.7,180
278,의성,2015,12.1,-16.3,20150103,38.7,20150807,5.7,19.5,1016.5,596.5,35.5,69.1,2166.5,1.2,290
278,의성,2016,12.7,-19.3,20160124,38,20160813,6.5,20,1016.5,1017.5,88.5,70.5,2224.6,1.2,360
278,의성,2017,11.9,-16.7,20170115,36.6,20170806,5,19.9,1016.6,691.7,63,63.8,2518.7,1.3,360
278,의성,2018,12.4,-19.2,20180127,40.4,20180801,5.7,20.2,1016.9,1079.4,88.5,64.7,2448.1,1.3,360
278,의성,2019,12.9,-13.7,20190103,37.6,20190805,6.3,20.7,1016.4,831.3,88.5,65.1,2374.3,1.2,360
279,구미,2015,14.1,-9.6,20150209,36.8,20150807,9,19.7,1016.5,779,64.7,68.3,2246.3,1.5,290
279,구미,2016,14.2,-13.1,20160124,36.6,20160812,9.4,19.5,1016.5,1208,117.6,71.3,2005.5,1.2,290
279,구미,2017,13.7,-10.8,20171214,36.2,20170806,8.4,19.7,1016.5,688.6,85.9,67.1,2341,1.2,290
279,구미,2018,13.6,-14.6,20180127,38.1,20180801,8.5,19.3,1016.9,1410.1,114.6,70,2310.5,1.1,290
279,구미,2019,14.2,-7.5,20190104,35.9,20190805,9.1,19.9,1016.4,1133.2,155.9,70.5,2294.6,1.1,290
281,영천,2015,13.5,-10.4,20150209,37.6,20150731,7.9,19.8,1016.3,838.7,102,66,2179,1.8,290
281,영천,2016,13.9,-13.9,20160124,39.6,20160813,8.5,19.9,1016.3,1175.2,125.5,66.2,2250.4,1.8,290
281,영천,2017,13.5,-13.4,20171214,38.9,20170713,7.5,20.2,1016.2,713.9,96.5,58.7,2570.8,1.9,290
281,영천,2018,13.3,-14.8,20180127,39.1,20180804,7.6,19.8,1016.6,1149.8,94,61.3,2419.2,1.8,290
281,영천,2019,14.1,-10.2,20190127,37.2,20190802,8.3,20.5,1016.3,1038,121.5,61.2,2408.1,1.8,290
283,경주시,2015,13.5,-9.8,20150209,37.9,20150731,8.2,19.8,1016.3,976.7,116,69,2049.7,2.3,180
283,경주시,2016,14,-12.9,20160124,39.4,20160812,8.9,19.9,1016.4,1251.4,140,68,2227.6,2.3,180
283,경주시,2017,13.7,-10.2,20171212,39.7,20170713,7.9,20.3,1016.2,590.7,47,64.8,2580.4,2.5,180
283,경주시,2018,13.5,-13,20180126,39.8,20180804,8.1,19.7,1016.6,1303.7,151.5,69.3,2329.7,2.4,180
283,경주시,2019,14.1,-8.3,20190127,37.5,20190802,8.7,20.5,1016.3,1239.8,193,68.8,2322,2.3,180
284,거창,2015,12.4,-12.8,20150103,34.8,20150807,6.9,18.7,1016,1031.2,84.5,71.3,2268.5,1.5,270
284,거창,2016,12.7,-13.4,20160124,36.5,20160812,7.3,19.1,1016,1229.8,126.1,71.8,2168.6,1.3,270
284,거창,2017,12.2,-13.9,20171214,36.2,20170806,6,19.3,1016,782.8,74.8,67.3,2435.7,1.4,270
284,거창,2018,12.3,-16.4,20180127,37.1,20180727,6.2,19.1,1015.6,1215.6,92.4,70.6,2230.2,1.3,270
284,거창,2019,12.7,-12,20190127,34.6,20190804,6.7,19.6,1015.7,1232.4,114.3,70.3,2213.2,1.3,270
285,합천,2015,13.4,-11.5,20150209,37.3,20150730,7.9,20.1,1016.5,1044.5,61,66.4,2123.9,1.2,200
285,합천,2016,13.8,-14,20160125,39.2,20160813,8.5,20.3,1016.5,1505.6,144,66.5,2231.6,1.1,200
285,합천,2017,13.5,-13,20171214,38.4,20170805,7.2,20.7,1016.4,780,148,61.3,2574,1.2,200
285,합천,2018,13.3,-15.2,20180207,39.5,20180726,7.3,20.3,1016.7,1479.4,182.5,65.6,2431.4,1.3,200
285,합천,2019,13.8,-10.7,20190127,36.6,20190805,8,20.9,,1417.6,215.5,64.9,2339.6,1.1,200
288,밀양,2015,14.2,-11,20150103,36.6,20150806,8.7,20.6,1016.2,951.3,54.6,67.5,2124.8,1.3,290
288,밀양,2016,14.7,-12,20160125,37.8,20160813,9.5,20.8,1016.2,1568.2,163.7,68.1,2094.7,1,290
288,밀양,2017,14.2,-11.4,20170115,39,20170806,8.1,21.2,1016.1,558.1,33.7,61,2403.5,1.1,340
288,밀양,2018,13.8,-13.7,20180206,38.9,20180801,8.2,20.3,1016.5,1337,197,65.6,2348.1,1.1,20
288,밀양,2019,14.3,-9.4,20190127,36.6,20190813,8.6,20.8,1016,1181.1,129.5,64.7,2338.6,1,340
289,산청,2015,13.3,-9.9,20150201,35.3,20150809,8.4,19.2,1016.3,1397.2,273.5,64.2,2291.6,1.7,290
289,산청,2016,13.8,-12.1,20160124,37,20160812,9,19.6,1016.4,1530,161,63.8,2174.7,1.7,290
289,산청,2017,13.3,-12.6,20171214,36.5,20170806,7.8,19.9,1016.4,770.8,60.1,64.3,2434.2,1.7,290
289,산청,2018,13.1,-14.6,20180127,37.9,20180727,7.8,19.5,1016.6,1601.5,252.5,68.7,2303.4,1.7,290
289,산청,2019,13.7,-9.6,20190127,36.4,20190802,8.3,20.2,1016.1,1769.9,250,67.9,2275.4,1.6,290
294,거제,2015,14.9,-6.6,20150209,35.9,20150809,10.9,19.7,1016.2,1778.4,126,63.1,2065.2,1.8,110
294,거제,2016,15.6,-8.7,20160124,36.9,20160811,11.7,20.1,1016.3,2262.6,174.5,71.5,1885,1.8,110
294,거제,2017,15.2,-6.8,20170115,37,20170807,11,20.2,1016.2,1411.1,308,68.4,2449.6,1.8,290
294,거제,2018,15,-8.3,20180126,37.8,20180726,11,19.8,1016.5,2507.6,201.5,72.5,2341.5,1.8,110
294,거제,2019,15.6,-3.4,20190127,35.8,20190802,11.5,20.5,1016,2268.7,262.5,70.8,2368.6,1.7,110
295,남해,2015,14.7,-7.2,20150209,34.7,20150807,10.7,19.7,1016.3,1789.3,132.5,66.3,2186.6,1.3,250
295,남해,2016,15.1,-8.8,20160124,37.5,20160811,11.1,20,1016.3,2400.8,267.5,68.1,2233.2,1.3,250
295,남해,2017,14.9,-9.1,20170115,36.9,20170807,10.4,20.2,1016.4,1157.8,104,65.9,2559.9,1.3,250
295,남해,2018,14.6,-9.9,20180126,36.8,20180727,10.3,19.7,1016.7,2203.6,225.5,68.2,2407.8,1.3,250
295,남해,2019,15.2,-5.4,20190116,35.2,20190813,10.9,20.3,1016.2,2171.7,185,67,2463,1.3,250
